"clone_nr","regions","n_regions","clone_types","cell_types","n_cells"
"59","E16_stomach, E16_colon",2,"Single-cell-type multicellular","ENS Progenitor, Proliferative ENS Progenitor 1",3
"115","E16_stomach, E16_colon",2,"Single-cell-type multicellular","Proliferative ENS Progenitor 2, Proliferative ENS Progenitor 1",2
"118","E16_jej_ileum, E16_colon",2,"Single-cell-type multicellular","ENS Progenitor, ENS Branch B 2, ENS Branch B 1",3
"152","E16_stomach, E16_jej_ileum, E16_colon",3,"Single-cell-type multicellular","ENS Branch B 2, ENS Progenitor, Proliferative ENS Progenitor 1, ENS Branch B 1, Proliferative ENS Progenitor 2",8
"167","E16_stomach, E16_jej_ileum, E16_colon",3,"Single-cell-type multicellular","ENS Branch A, ENS Branch B 2, ENS Progenitor, ENS Branch B 1, Proliferative ENS Progenitor 1, ENS Neuroblast",12
"208","E16_stomach, E16_colon",2,"Single-cell-type multicellular","ENS Progenitor, ENS Branch A, ENS Branch B 1, ENS Branch B 2, Proliferative ENS Progenitor 1",9
"228","E16_stomach, E16_colon",2,"Single-cell-type multicellular","ENS Progenitor, ENS Branch B 2, Proliferative ENS Progenitor 2",3
"253","E16_stomach, E16_jej_ileum",2,"Single-cell-type multicellular","ENS Branch A, SCP, ENS Neuroblast",3
"264","E16_jej_ileum, E16_colon",2,"Single-cell-type multicellular","ENS Neuroblast, Proliferative ENS Progenitor 1",2
"276","E16_stomach, E16_jej_ileum, E16_colon",3,"Single-cell-type multicellular","ENS Branch B 1, ENS Branch B 2, ENS Progenitor, Proliferative ENS Progenitor 2",5
"283","E16_stomach, E16_jej_ileum, E16_colon",3,"Single-cell-type multicellular","ENS Branch B 2, ENS Progenitor, Proliferative ENS Progenitor 2, ENS Branch A",7
"293","E16_stomach, E16_jej_ileum",2,"Single-cell-type multicellular","ENS Branch A, Proliferative ENS Progenitor 1",2
"324","E16_stomach, E16_jej_ileum",2,"Single-cell-type multicellular","ENS Progenitor, ENS Branch B 2, Proliferative ENS Progenitor 1, Proliferative ENS Progenitor 2",8
"370","E16_jej_ileum, E16_colon",2,"Single-cell-type multicellular","Proliferative ENS Progenitor 1, ENS Branch B 2, ENC12, ENS Branch B 1",4
"372","E16_stomach, E16_jej_ileum",2,"Single-cell-type multicellular","SCP, Proliferative ENS Progenitor 2",2
"387","E16_stomach, E16_jej_ileum, E16_colon",3,"Single-cell-type multicellular","ENS Progenitor, ENS Branch B 1, Proliferative ENS Progenitor 1",8
"417","E16_stomach, E16_jej_ileum, E16_colon",3,"Single-cell-type multicellular","ENS Branch B 2, Proliferative ENS Progenitor 1, ENS Progenitor, ENS Neuroblast, ENS Branch B 1",6
"433","E16_stomach, E16_jej_ileum",2,"Single-cell-type multicellular","Proliferative ENS Progenitor 1, ENS Neuroblast, ENS Branch B 1, ENS Branch B 2",6
"441","E16_stomach, E16_colon",2,"Single-cell-type multicellular","ENS Branch A, ENS Progenitor, ENS Branch B 2",4
"468","E16_stomach, E16_jej_ileum",2,"Single-cell-type multicellular","Proliferative ENS Progenitor 1, Proliferative ENS Progenitor 2",3
"470","E16_stomach, E16_jej_ileum, E16_colon",3,"Single-cell-type multicellular","ENC12, ENS Progenitor, ENS Branch B 1",3
"482","E16_jej_ileum, E16_colon",2,"Single-cell-type multicellular","Proliferative ENS Progenitor 1, ENS Progenitor, ENS Branch A, ENS Branch B 2",6
"509","E16_stomach, E16_jej_ileum, E16_colon",3,"Single-cell-type multicellular","ENS Branch A, ENS Branch B 2, ENS Progenitor, ENS Branch B 1, Proliferative ENS Progenitor 1, Proliferative ENS Progenitor 2, ENC12",30
"547","E16_stomach, E16_colon",2,"Single-cell-type multicellular","ENS Branch B 1, ENS Progenitor, ENS Branch B 2, Proliferative ENS Progenitor 2",9
"548","E16_stomach, E16_colon",2,"Single-cell-type multicellular","ENS Progenitor, ENC12",6
"549","E16_stomach, E16_jej_ileum, E16_colon",3,"Single-cell-type multicellular","ENS Branch B 1, ENS Progenitor, ENS Neuroblast, ENS Branch A, ENS Branch B 2, Proliferative ENS Progenitor 2",17
"552","E16_jej_ileum, E16_colon",2,"Single-cell-type multicellular","ENS Branch A, ENS Branch B 2",2
"553","E16_stomach, E16_colon",2,"Single-cell-type multicellular","ENS Branch B 2, ENS Progenitor, Proliferative ENS Progenitor 2, ENS Branch B 1",6
"554","E16_stomach, E16_jej_ileum, E16_colon",3,"Single-cell-type multicellular","ENS Progenitor, ENS Branch A, ENS Branch B 2, ENS Branch B 1, ENS Neuroblast, SCP, Proliferative ENS Progenitor 1, ENC12",16
"555","E16_stomach, E16_colon",2,"Single-cell-type multicellular","ENS Progenitor, ENS Branch B 2",2
"556","E16_stomach, E16_jej_ileum, E16_colon",3,"Single-cell-type multicellular","ENS Progenitor, Proliferative ENS Progenitor 1, ENS Branch A, ENS Branch B 2, ENS Neuroblast",14
"558","E16_jej_ileum, E16_colon",2,"Single-cell-type multicellular","ENS Progenitor, ENS Branch A, ENS Neuroblast, ENS Branch B 2",4
"560","E16_stomach, E16_jej_ileum, E16_colon",3,"Single-cell-type multicellular","ENS Progenitor, Proliferative ENS Progenitor 2",4
"563","E16_stomach, E16_jej_ileum, E16_colon",3,"Single-cell-type multicellular","ENS Progenitor, ENS Branch B 2, ENS Branch A, ENS Branch B 1, ENC12",12
"565","E16_stomach, E16_jej_ileum, E16_colon",3,"Single-cell-type multicellular","ENS Progenitor, ENS Branch B 1, ENS Branch B 2",7
"566","E16_stomach, E16_colon",2,"Single-cell-type multicellular","ENS Branch B 2, ENS Progenitor, ENS Branch B 1, Proliferative ENS Progenitor 1, ENC12",6
"663","E16_stomach, E16_jej_ileum",2,"Single-cell-type multicellular","ENS Neuroblast, ENS Progenitor, ENS Branch B 1, SCP, ENS Branch A, Proliferative ENS Progenitor 1, Proliferative ENS Progenitor 2",13
"668","E16_stomach, E16_jej_ileum, E16_colon",3,"Multi-cell-type multicellular","Myeloid, Fibroblast 2 (Fndc1/Dpt), Lymphoid",38
"700","E16_stomach, E16_jej_ileum",2,"Single-cell-type multicellular","ENS Progenitor, ENS Branch B 2",3
"760","E16_stomach, E16_jej_ileum, E16_colon",3,"Single-cell-type multicellular","ENS Progenitor, ENS Branch B 2, ENS Branch B 1, Proliferative ENS Progenitor 1, ENS Branch A, SCP, ENS Neuroblast, Proliferative ENS Progenitor 2, ENC12",133
"769","E16_stomach, E16_jej_ileum",2,"Single-cell-type multicellular","ENS Branch B 1, ENS Progenitor, ENS Branch A, SCP",4
"770","E16_stomach, E16_jej_ileum",2,"Single-cell-type multicellular","Proliferative ENS Progenitor 2, ENS Branch B 1, Proliferative ENS Progenitor 1, SCP",5
"851","E16_stomach, E16_jej_ileum",2,"Single-cell-type multicellular","Lymphoid, Myeloid",15
"858","E16_stomach, E16_jej_ileum, E16_colon",3,"Single-cell-type multicellular","ENS Branch B 2, ENS Branch A, ENS Progenitor, Proliferative ENS Progenitor 1, ENS Branch B 1, ENS Neuroblast",16
"864","E16_stomach, E16_jej_ileum",2,"Single-cell-type multicellular","ENS Progenitor, ENS Branch A",3
"920","E16_stomach, E16_jej_ileum, E16_colon",3,"Single-cell-type multicellular","ENS Branch B 2, ENS Neuroblast, ENS Progenitor, ENS Branch A, SCP, ENS Branch B 1, Proliferative ENS Progenitor 2, Proliferative ENS Progenitor 1, ENC12",236
"967","E16_stomach, E16_jej_ileum",2,"Single-cell-type multicellular","ENS Neuroblast, ENS Branch A",2
"969","E16_stomach, E16_jej_ileum",2,"Single-cell-type multicellular","ENS Progenitor",2
"974","E16_stomach, E16_jej_ileum",2,"Single-cell-type multicellular","ENS Neuroblast, Proliferative ENS Progenitor 1",2
"997","E16_stomach, E16_jej_ileum, E16_colon",3,"Single-cell-type multicellular","ENS Neuroblast, ENS Branch A, ENS Progenitor, ENS Branch B 2",8
"1039","E16_stomach, E16_jej_ileum",2,"Single-cell-type multicellular","ENS Branch B 2, ENS Progenitor, ENS Branch B 1",3
"1050","E16_jej_ileum, E16_colon",2,"Single-cell-type multicellular","ENS Neuroblast, ENS Progenitor, Proliferative ENS Progenitor 2, ENS Branch B 1, ENS Branch A, ENS Branch B 2, Proliferative ENS Progenitor 1",10
"1063","E16_stomach, E16_jej_ileum",2,"Single-cell-type multicellular","Proliferative ENS Progenitor 1, ENS Progenitor, ENS Branch B 1, ENS Branch A, ENS Branch B 2, ENS Neuroblast",6
"1064","E16_stomach, E16_jej_ileum",2,"Single-cell-type multicellular","ENS Progenitor, ENS Branch B 1",4
"1122","E16_stomach, E16_jej_ileum, E16_colon",3,"Single-cell-type multicellular","ENS Progenitor, ENS Branch B 2, ENS Neuroblast, ENS Branch A, Proliferative ENS Progenitor 1, ENS Branch B 1, Proliferative ENS Progenitor 2, ENC12",93
"1185","E16_stomach, E16_colon",2,"Single-cell-type multicellular","ENS Branch A, ENS Progenitor, ENS Branch B 2, ENS Branch B 1, Proliferative ENS Progenitor 1, ENS Neuroblast, Proliferative ENS Progenitor 2, ENC12",51
"1201","E16_stomach, E16_jej_ileum",2,"Single-cell-type multicellular","ENS Branch B 2, ENS Progenitor",2
"1205","E16_jej_ileum, E16_colon",2,"Single-cell-type multicellular","ENS Progenitor, ENS Neuroblast, Proliferative ENS Progenitor 1",5
"1226","E16_stomach, E16_jej_ileum",2,"Single-cell-type multicellular","Proliferative ENS Progenitor 1, ENC12",2
"1256","E16_stomach, E16_jej_ileum, E16_colon",3,"Single-cell-type multicellular","ENS Progenitor, Proliferative ENS Progenitor 1, ENS Branch A, Proliferative ENS Progenitor 2",6
"1259","E16_stomach, E16_jej_ileum, E16_colon",3,"Single-cell-type multicellular","ENS Progenitor, ENS Branch B 2",4
"1266","E16_stomach, E16_jej_ileum, E16_colon",3,"Single-cell-type multicellular","ENS Progenitor, Proliferative ENS Progenitor 1, Proliferative ENS Progenitor 2",3
"1276","E16_stomach, E16_jej_ileum",2,"Single-cell-type multicellular","ENS Branch B 2, ENS Progenitor",2
"1281","E16_jej_ileum, E16_colon",2,"Single-cell-type multicellular","ENS Progenitor, Proliferative ENS Progenitor 1, ENS Branch B 2, Proliferative ENS Progenitor 2, ENS Branch B 1",10
"1285","E16_stomach, E16_jej_ileum",2,"Single-cell-type multicellular","ENS Neuroblast, ENS Branch B 1",2
"1287","E16_jej_ileum, E16_colon",2,"Single-cell-type multicellular","ENS Branch A, ENS Progenitor, ENS Branch B 2",3
"1293","E16_stomach, E16_colon",2,"Single-cell-type multicellular","ENS Progenitor",2
"1299","E16_stomach, E16_jej_ileum",2,"Single-cell-type multicellular","Proliferative ENS Progenitor 1, SCP, ENS Branch B 1",3
"1404","E16_stomach, E16_jej_ileum, E16_colon",3,"Single-cell-type multicellular","ENS Branch B 2, ENS Progenitor, Proliferative ENS Progenitor 1, ENS Branch B 1, SCP",20
"1419","E16_jej_ileum, E16_colon",2,"Multi-cell-type multicellular","Endothelial, Fibroblast 1 (Col6a4/Adamdec1)",11
"1445","E16_stomach, E16_jej_ileum",2,"Single-cell-type multicellular","ENS Neuroblast, ENS Branch B 2",2
"1449","E16_stomach, E16_jej_ileum",2,"Single-cell-type multicellular","ENS Progenitor, ENS Branch A, Proliferative ENS Progenitor 2, ENS Branch B 2",7
"1450","E16_stomach, E16_jej_ileum",2,"Single-cell-type multicellular","Proliferative ENS Progenitor 1, ENS Branch A",2
"1484","E16_stomach, E16_jej_ileum",2,"Single-cell-type multicellular","ENS Branch B 1, ENS Neuroblast, ENS Progenitor",3
"1568","E16_stomach, E16_jej_ileum",2,"Single-cell-type multicellular","SCP, ENS Branch B 2, ENS Branch B 1, Proliferative ENS Progenitor 2, Proliferative ENS Progenitor 1, ENS Progenitor",16
"1642","E16_stomach, E16_jej_ileum",2,"Single-cell-type multicellular","Proliferative ENS Progenitor 1, ENS Progenitor, ENS Branch A",11
"1643","E16_stomach, E16_jej_ileum",2,"Single-cell-type multicellular","ENS Branch B 1, ENS Branch A, ENS Progenitor, ENS Branch B 2",7
"1688","E16_stomach, E16_jej_ileum",2,"Single-cell-type multicellular","ENS Progenitor, ENS Neuroblast, ENS Branch A, ENS Branch B 1, ENS Branch B 2, Proliferative ENS Progenitor 1, Proliferative ENS Progenitor 2",76
"1704","E16_stomach, E16_jej_ileum, E16_colon",3,"Multi-cell-type multicellular","Myeloid, Lymphoid, Fibroblast 3 (Adam12)",26
"1709","E16_stomach, E16_jej_ileum",2,"Single-cell-type multicellular","ENS Branch B 1, ENS Branch A, ENC12, ENS Progenitor",4
"1756","E16_stomach, E16_jej_ileum",2,"Single-cell-type multicellular","Proliferative ENS Progenitor 1, ENS Branch B 1, ENS Neuroblast",4
"1835","E16_stomach, E16_jej_ileum",2,"Single-cell-type multicellular","ENS Branch B 2, ENS Neuroblast, ENS Branch A, Proliferative ENS Progenitor 2, ENS Branch B 1",7
"1843","E16_stomach, E16_jej_ileum, E16_colon",3,"Single-cell-type multicellular","ENS Neuroblast, ENS Progenitor, Proliferative ENS Progenitor 1",4
"1857","E16_stomach, E16_jej_ileum, E16_colon",3,"Single-cell-type multicellular","ENS Progenitor, Proliferative ENS Progenitor 1, ENS Branch B 2",4
"1922","E16_jej_ileum, E16_colon",2,"Single-cell-type multicellular","Proliferative ENS Progenitor 1, ENS Progenitor, ENS Branch B 1",3
"1942","E16_stomach, E16_jej_ileum",2,"Single-cell-type multicellular","ENS Branch A, ENS Progenitor, Proliferative ENS Progenitor 1, Proliferative ENS Progenitor 2, ENS Branch B 1",8
"2070","E16_stomach, E16_jej_ileum",2,"Single-cell-type multicellular","Endothelial",17
"2089","E16_stomach, E16_jej_ileum",2,"Single-cell-type multicellular","ENS Progenitor, Proliferative ENS Progenitor 1, ENS Branch A, ENS Neuroblast, ENS Branch B 2, Proliferative ENS Progenitor 2, ENS Branch B 1",57
"2090","E16_stomach, E16_jej_ileum",2,"Single-cell-type multicellular","ENS Neuroblast, ENS Progenitor, ENS Branch A, ENS Branch B 2, Proliferative ENS Progenitor 1, Proliferative ENS Progenitor 2, ENS Branch B 1",23
"2103","E16_stomach, E16_jej_ileum, E16_colon",3,"Single-cell-type multicellular","Lymphoid, Myeloid",18
"2209","E16_stomach, E16_jej_ileum, E16_colon",3,"Single-cell-type multicellular","Myeloid, Lymphoid",12
"2230","E16_stomach, E16_jej_ileum, E16_colon",3,"Single-cell-type multicellular","ENS Branch B 2, ENS Neuroblast, ENS Branch A, ENS Progenitor, ENS Branch B 1",22
"2231","E16_stomach, E16_jej_ileum, E16_colon",3,"Single-cell-type multicellular","ENS Branch B 2, ENS Neuroblast, ENS Progenitor, ENC12, ENS Branch A, Proliferative ENS Progenitor 1, Proliferative ENS Progenitor 2, ENS Branch B 1",61
"2271","E16_stomach, E16_colon",2,"Single-cell-type multicellular","Proliferative ENS Progenitor 1, ENS Branch B 1",2
"2326","E16_jej_ileum, E16_colon",2,"Single-cell-type multicellular","ENS Branch A, ENS Branch B 2, Proliferative ENS Progenitor 1, ENS Progenitor, ENS Branch B 1",12
"2327","E16_jej_ileum, E16_colon",2,"Single-cell-type multicellular","ENS Neuroblast, ENS Branch B 2, ENS Progenitor, ENS Branch A",5
"2328","E16_jej_ileum, E16_colon",2,"Single-cell-type multicellular","Proliferative ENS Progenitor 2, ENS Branch B 2, ENC12, ENS Branch B 1, ENS Branch A, Proliferative ENS Progenitor 1",10
"2411","E16_stomach, E16_jej_ileum",2,"Single-cell-type multicellular","ENS Neuroblast, ENS Branch B 2, ENS Progenitor, ENS Branch A, ENS Branch B 1, Proliferative ENS Progenitor 1",15
"2493","E16_stomach, E16_jej_ileum",2,"Single-cell-type multicellular","ENS Branch B 1, ENS Progenitor, Proliferative ENS Progenitor 1, ENS Branch B 2, ENS Branch A",26
"2581","E16_stomach, E16_jej_ileum, E16_colon",3,"Single-cell-type multicellular","ENS Branch B 1, Proliferative ENS Progenitor 1, ENS Branch B 2, ENS Progenitor, ENS Branch A, ENS Neuroblast, SCP, Proliferative ENS Progenitor 2",80
"2696","E16_stomach, E16_jej_ileum",2,"Single-cell-type multicellular","ENS Progenitor, Proliferative ENS Progenitor 2, ENS Branch B 1, SCP, ENS Neuroblast, ENS Branch B 2, Proliferative ENS Progenitor 1, ENS Branch A",74
"2742","E16_stomach, E16_jej_ileum, E16_colon",3,"Single-cell-type multicellular","Lymphoid, Myeloid",26
"2852","E16_jej_ileum, E16_colon",2,"Single-cell-type multicellular","ENS Branch B 2, ENS Progenitor",2
"2861","E16_jej_ileum, E16_colon",2,"Single-cell-type multicellular","ENS Progenitor, Proliferative ENS Progenitor 1",2
"2863","E16_stomach, E16_jej_ileum, E16_colon",3,"Single-cell-type multicellular","ENS Branch B 1, Proliferative ENS Progenitor 1, ENS Branch B 2, ENS Branch A, ENS Progenitor, ENC12, ENS Neuroblast, Proliferative ENS Progenitor 2",24
"2992","E16_stomach, E16_jej_ileum, E16_colon",3,"Single-cell-type multicellular","ENS Branch B 2, ENS Branch B 1, ENS Progenitor, ENS Branch A, Proliferative ENS Progenitor 2, ENS Neuroblast, SCP, Proliferative ENS Progenitor 1, ENC12",64
"3024","E16_stomach, E16_jej_ileum",2,"Single-cell-type multicellular","ENS Progenitor, ENS Neuroblast, SCP, Proliferative ENS Progenitor 2, ENS Branch B 2, ENS Branch B 1, ENS Branch A, ENC12",18
"3028","E16_stomach, E16_jej_ileum",2,"Single-cell-type multicellular","Proliferative ENS Progenitor 1, ENS Neuroblast, ENS Branch B 2",4
"3029","E16_stomach, E16_jej_ileum",2,"Single-cell-type multicellular","ENS Branch B 2, Proliferative ENS Progenitor 1, ENS Branch B 1, ENS Neuroblast",4
"3031","E16_stomach, E16_jej_ileum",2,"Single-cell-type multicellular","Proliferative ENS Progenitor 1, ENS Branch B 2, ENS Progenitor, Proliferative ENS Progenitor 2, ENS Branch B 1, ENS Branch A, ENS Neuroblast",81
"3059","E16_stomach, E16_jej_ileum",2,"Single-cell-type multicellular","Proliferative ENS Progenitor 1, ENS Branch B 1, ENS Progenitor, ENS Branch A, ENS Neuroblast, ENS Branch B 2, Proliferative ENS Progenitor 2",37
"3060","E16_stomach, E16_jej_ileum",2,"Single-cell-type multicellular","ENS Progenitor, Proliferative ENS Progenitor 1, Proliferative ENS Progenitor 2, ENS Branch A, SCP, ENS Neuroblast, ENS Branch B 1, ENS Branch B 2",26
"3067","E16_stomach, E16_jej_ileum, E16_colon",3,"Single-cell-type multicellular","ENS Branch B 2, ENS Progenitor, ENS Branch B 1, ENS Neuroblast, ENC12, Proliferative ENS Progenitor 2, ENS Branch A, Proliferative ENS Progenitor 1, SCP",120
"3091","E16_jej_ileum, E16_colon",2,"Single-cell-type multicellular","ENS Branch B 2, ENS Progenitor, ENS Branch B 1",3
"3166","E16_stomach, E16_jej_ileum",2,"Multi-cell-type multicellular","ICC, Fibroblast 3 (Adam12)",2
"3178","E16_stomach, E16_jej_ileum, E16_colon",3,"Single-cell-type multicellular","Lymphoid, Myeloid",32
"3297","E16_stomach, E16_colon",2,"Single-cell-type multicellular","Lymphoid, Myeloid",4
"3339","E16_stomach, E16_jej_ileum",2,"Single-cell-type multicellular","ENS Branch B 2, ENS Neuroblast, ENS Progenitor, ENC12, ENS Branch A, Proliferative ENS Progenitor 2, ENS Branch B 1",29
"3354","E16_stomach, E16_jej_ileum, E16_colon",3,"Single-cell-type multicellular","ENS Progenitor, ENS Branch B 1, ENS Branch A, ENS Branch B 2, ENS Neuroblast, Proliferative ENS Progenitor 2, ENC12, Proliferative ENS Progenitor 1",174
"TOTAL(119 clones)","E16_stomach, E16_colon, E16_jej_ileum",3,"Single-cell-type multicellular, Multi-cell-type multicellular","ENS Progenitor, Proliferative ENS Progenitor 1, Proliferative ENS Progenitor 2, ENS Branch B 2, ENS Branch B 1, ENS Branch A, ENS Neuroblast, SCP, ENC12, Myeloid, Fibroblast 2 (Fndc1/Dpt), Lymphoid, Endothelial, Fibroblast 1 (Col6a4/Adamdec1), Fibroblast 3 (Adam12), ICC",2236
